date,region,store,sale,price,salerep,endcap,demo,demo13,demo45
5/4/2009,1,28,150.7,4.39,0,no,0,0,0
5/11/2009,1,28,197.4,4,0,no,0,0,0
5/18/2009,1,28,235.11,3.81,0,no,0,0,0
5/25/2009,1,28,226.69,3.84,0,no,0,0,0
6/1/2009,1,28,257.69,3.9,0,no,0,0,0
6/8/2009,1,28,132.96,4.5,0,no,0,0,0
6/15/2009,1,28,221.89,4.12,0,no,0,0,0
6/22/2009,1,28,245.88,4.12,0,no,0,0,0
6/29/2009,1,28,156.1,4.12,0,no,0,0,0
7/6/2009,1,28,200.1,3.75,0,no,0,0,0
7/13/2009,1,28,128.4,4.01,0,no,0,0,0
5/4/2009,1,7,142.78,4.39,0,no,0,0,0
5/11/2009,1,7,237.54,4.24,0,no,0,0,0
5/18/2009,1,7,141.53,3.81,0,no,0,0,0
5/25/2009,1,7,158.07,3.81,0,no,0,0,0
6/1/2009,1,7,255.12,4.06,0,no,0,0,0
6/8/2009,1,7,129.79,4.38,0,no,0,0,0
6/15/2009,1,7,137.76,4.36,0,no,0,0,0
6/22/2009,1,7,306.79,4.36,0,no,0,0,0
6/29/2009,1,7,103.32,4.36,0,no,0,0,0
7/6/2009,1,7,240.23,4.01,0,no,0,0,0
7/13/2009,1,7,190.02,4.01,0,no,0,0,0
5/4/2009,1,41,149.77,4.52,0,no,0,0,0
5/11/2009,1,41,223.61,3.72,0,no,0,0,0
5/18/2009,1,41,216.37,3.79,0,no,0,0,0
5/25/2009,1,41,205.53,3.9,0,no,0,0,0
6/1/2009,1,41,131.63,4.04,0,no,0,0,0
6/8/2009,1,41,199.93,4.41,0,yes,0,0,0
6/15/2009,1,41,217.95,4.36,0,yes,0,0,0
6/22/2009,1,41,139.61,4.39,0,yes,0,0,0
6/29/2009,1,41,106.42,4.52,0,yes,0,0,0
7/6/2009,1,41,203.74,3.9,0,yes,0,0,0
7/13/2009,1,41,159.43,4.19,0,no,0,0,0
5/4/2009,1,103,305.18,4.49,0,no,0,0,1
5/11/2009,1,103,235.46,4.4,0,no,0,0,1
5/18/2009,1,103,239.69,3.81,0,no,0,0,0
5/25/2009,1,103,220.95,4.06,0,no,0,0,0
6/1/2009,1,103,233.33,3.96,0,no,0,0,0
6/8/2009,1,103,143.79,3.69,0,no,0,0,0
6/15/2009,1,103,192.92,4.64,0,no,0,0,0
6/22/2009,1,103,134.71,4.37,0,no,0,0,0
6/29/2009,1,103,118.94,4.64,0,no,0,0,0
7/6/2009,1,103,206.22,3.9,0,no,0,0,0
7/13/2009,1,103,149.38,4.1,0,no,0,0,0
5/4/2009,1,32,152.35,4.37,0,no,0,0,0
5/11/2009,1,32,118.77,4.04,0,no,0,0,0
5/18/2009,1,32,147.82,3.84,0,no,0,0,0
5/25/2009,1,32,199.09,4.06,0,no,0,0,0
6/1/2009,1,32,160.97,3.84,0,no,0,0,0
6/8/2009,1,32,204.56,4.1,0,no,0,0,0
6/15/2009,1,32,189.29,4.12,0,no,0,0,0
6/22/2009,1,32,177.42,4.1,0,no,0,0,0
6/29/2009,1,32,173.99,4.12,0,no,0,0,0
7/6/2009,1,32,141.87,3.71,0,no,0,0,0
7/13/2009,1,32,232.06,3.71,0,no,0,0,0
5/4/2009,1,8,179.03,4.56,0,no,0,0,0
5/11/2009,1,8,238.28,4.21,0,no,0,0,0
5/18/2009,1,8,163.1,4.06,0,no,0,0,0
5/25/2009,1,8,239.58,4.06,0,no,0,0,0
6/1/2009,1,8,204.93,4.06,0,no,0,0,0
6/8/2009,1,8,156.41,4.38,0,no,0,0,0
6/15/2009,1,8,242.69,4.47,0,no,0,0,0
6/22/2009,1,8,239.12,4.47,0,no,0,0,0
6/29/2009,1,8,199.01,4.1,0,no,0,0,0
7/6/2009,1,8,107.13,4.19,0,no,0,0,0
7/13/2009,1,8,241.64,4.37,0,no,0,0,0
5/4/2009,1,80,201.31,4.39,0,no,0,0,0
5/11/2009,1,80,132.3,4.39,0,no,0,0,0
5/18/2009,1,80,165.57,4.01,0,no,0,0,0
5/25/2009,1,80,191.7,3.81,0,no,0,0,0
6/1/2009,1,80,182.74,4.15,0,no,0,0,0
6/8/2009,1,80,209.1,4.36,0,no,0,0,0
6/15/2009,1,80,239.34,4.36,0,no,0,0,0
6/22/2009,1,80,137.87,4.12,0,no,0,0,0
6/29/2009,1,80,238.4,4.34,0,no,0,0,0
7/6/2009,1,80,237.23,4.09,0,no,0,0,0
7/13/2009,1,80,111.45,4.09,0,no,0,0,0
5/4/2009,1,98,128.69,4.39,0,no,0,0,0
5/11/2009,1,98,281.95,4.39,0,no,0,0,0
5/18/2009,1,98,197.53,4.15,0,no,0,0,0
5/25/2009,1,98,265.48,4.22,0,yes,0,0,0
6/1/2009,1,98,230.49,3.96,0,yes,0,0,0
6/8/2009,1,98,119.23,4.12,0,yes,0,0,0
6/15/2009,1,98,172.05,4.22,0,yes,0,0,0
6/22/2009,1,98,189.21,4.6,0,yes,0,0,0
6/29/2009,1,98,222.54,4.1,0,yes,0,0,0
7/6/2009,1,98,115.9,3.91,0,no,0,0,0
7/13/2009,1,98,177.1,3.99,0,no,0,0,0
5/4/2009,11,5,155.87,3.9,0,no,0,0,0
5/11/2009,11,5,193.51,3.54,0,no,0,0,0
5/18/2009,11,5,309.49,3.48,0,no,0,0,0
5/25/2009,11,5,254.93,3.6,0,no,0,0,0
6/1/2009,11,5,195.31,3.48,0,no,0,0,0
6/8/2009,11,5,267.94,4.06,0,no,1,0,0
6/15/2009,11,5,247.13,4.06,0,no,0,1,0
6/22/2009,11,5,299.34,3.71,0,no,0,1,0
6/29/2009,11,5,265.72,4.04,0,no,0,1,0
7/6/2009,11,5,259.04,3.71,0,no,0,0,1
7/13/2009,11,5,280.66,3.71,0,no,0,0,1
5/4/2009,11,114,138.23,3.94,0,no,0,0,0
5/11/2009,11,114,263.24,3.52,0,no,0,0,0
5/18/2009,11,114,119.96,3.55,0,no,0,0,0
5/25/2009,11,114,212.36,3.44,0,no,0,0,0
6/1/2009,11,114,167.09,3.55,0,no,0,0,0
6/8/2009,11,114,293.52,3.52,0,yes,1,0,0
6/15/2009,11,114,207.82,3.63,0,yes,0,1,0
6/22/2009,11,114,273.71,3.63,0,yes,0,1,0
6/29/2009,11,114,252.25,3.52,0,yes,0,1,0
7/6/2009,11,114,299.64,3.2,0,yes,0,0,1
7/13/2009,11,114,305.57,3.2,0,yes,0,0,1
5/4/2009,11,50,170.7,3.9,0,no,0,0,0
5/11/2009,11,50,115.69,3.9,0,no,0,0,0
5/18/2009,11,50,162.41,3.62,0,no,0,0,0
5/25/2009,11,50,257.49,3.78,0,no,0,0,0
6/1/2009,11,50,248.69,3.78,0,no,0,0,0
6/8/2009,11,50,151.29,3.75,0,no,0,0,0
6/15/2009,11,50,155.61,3.94,0,no,0,0,0
6/22/2009,11,50,110.56,3.86,0,no,0,0,0
6/29/2009,11,50,233.26,3.97,0,no,0,0,0
7/6/2009,11,50,228.33,3.47,0,no,0,0,0
7/13/2009,11,50,221.79,3.47,0,no,0,0,0
5/4/2009,11,20,326.96,4.12,0,no,0,0,1
5/11/2009,11,20,172.14,4.13,0,no,0,0,1
5/18/2009,11,20,209.3,3.62,0,no,0,0,0
5/25/2009,11,20,158.7,3.76,0,no,0,0,0
6/1/2009,11,20,203.48,3.78,0,no,0,0,0
6/8/2009,11,20,183.1,3.63,0,no,0,0,0
6/15/2009,11,20,162.4,3.75,0,no,0,0,0
6/22/2009,11,20,372.17,3.74,0,no,1,0,0
6/29/2009,11,20,389.76,3.74,0,no,0,1,0
7/6/2009,11,20,302.68,3.5,0,no,0,1,0
7/13/2009,11,20,301.9,3.5,0,no,0,1,0
5/4/2009,11,26,137.12,3.9,0,no,0,0,0
5/11/2009,11,26,184.92,3.54,0,no,0,0,0
5/18/2009,11,26,169.84,3.34,0,no,0,0,0
5/25/2009,11,26,219.35,3.34,0,no,0,0,0
6/1/2009,11,26,148.64,3.34,0,no,0,0,0
6/8/2009,11,26,292.91,3.54,0,no,0,0,0
6/15/2009,11,26,222.28,3.54,0,no,0,0,0
6/22/2009,11,26,148.15,3.63,0,no,0,0,0
6/29/2009,11,26,270.14,3.75,0,no,0,0,0
7/6/2009,11,26,194.18,3.25,0,no,0,0,0
7/13/2009,11,26,170.54,3.13,0,no,0,0,0
5/4/2009,11,38,171.57,3.62,0,no,0,0,0
5/11/2009,11,38,227.66,3.62,0,no,0,0,0
5/18/2009,11,38,186.25,3.34,0,no,0,0,0
5/25/2009,11,38,235.95,3.36,0,no,0,0,0
6/1/2009,11,38,193.9,3.34,0,no,0,0,0
6/8/2009,11,38,293.98,3.54,0,no,1,0,0
6/15/2009,11,38,288.1,3.54,0,no,0,1,0
6/22/2009,11,38,220.35,3.52,0,no,0,1,0
6/29/2009,11,38,309.78,3.63,0,no,0,1,0
7/6/2009,11,38,252.82,3.13,0,no,0,0,1
7/13/2009,11,38,274.33,3.2,0,no,0,0,1
5/4/2009,11,48,221.18,3.9,0,no,0,0,0
5/11/2009,11,48,213.03,3.9,0,no,0,0,0
5/18/2009,11,48,239.82,3.62,0,no,0,0,0
5/25/2009,11,48,230.58,3.62,0,no,0,0,0
6/1/2009,11,48,192.08,3.62,0,no,0,0,0
6/8/2009,11,48,241.41,3.9,0,no,0,0,0
6/15/2009,11,48,129.92,3.9,0,no,0,0,0
6/22/2009,11,48,186.57,3.54,0,no,0,0,0
6/29/2009,11,48,349.82,3.54,0,no,1,0,0
7/6/2009,11,48,285.29,3.13,0,no,0,1,0
7/13/2009,11,48,272.73,3.25,0,no,0,1,0
5/4/2009,11,51,133.17,3.9,0,no,0,0,0
5/11/2009,11,51,228.09,3.54,0,no,0,0,0
5/18/2009,11,51,169.67,3.34,0,no,0,0,0
5/25/2009,11,51,182,3.5,0,no,0,0,0
6/1/2009,11,51,249.76,3.34,0,no,0,0,0
6/8/2009,11,51,200.28,3.54,0,no,0,0,0
6/15/2009,11,51,203.48,3.54,0,no,1,0,0
6/22/2009,11,51,344.8,3.54,0,no,0,1,0
6/29/2009,11,51,266.02,3.63,0,no,0,1,0
7/6/2009,11,51,299.91,3.13,0,no,0,1,0
7/13/2009,11,51,332.74,3.06,0,no,0,0,1
5/4/2009,11,57,245.8,3.97,0,no,0,0,0
5/11/2009,11,57,215.65,4.06,0,no,0,0,0
5/18/2009,11,57,138.31,3.6,0,no,0,0,0
5/25/2009,11,57,201.37,3.6,0,no,0,0,0
6/1/2009,11,57,256.99,3.6,0,no,0,0,0
6/8/2009,11,57,188.1,4.06,0,no,0,0,0
6/15/2009,11,57,124.39,4.06,0,no,0,0,0
6/22/2009,11,57,156.17,3.74,0,no,0,0,0
6/29/2009,11,57,288.23,4.06,0,no,0,0,0
7/6/2009,11,57,148.27,3.71,0,no,0,0,0
7/13/2009,11,57,142.46,3.71,0,no,0,0,0
5/4/2009,11,58,257.28,3.76,0,no,0,0,0
5/11/2009,11,58,164.28,3.52,0,no,0,0,0
5/18/2009,11,58,80.53,3.36,0,no,0,0,0
5/25/2009,11,58,271.66,3.34,0,no,0,0,0
6/1/2009,11,58,208.29,3.44,0,no,0,0,0
6/8/2009,11,58,332.28,3.51,0,no,1,0,0
6/15/2009,11,58,314.44,3.52,0,no,0,1,0
6/22/2009,11,58,305.09,3.52,0,no,0,1,0
6/29/2009,11,58,224.29,3.52,0,no,0,1,0
7/6/2009,11,58,215.48,3.06,0,no,0,0,1
7/13/2009,11,58,322.7,3.06,0,no,0,0,1
5/4/2009,11,63,237.72,3.9,0,no,0,0,0
5/11/2009,11,63,149.32,3.9,0,no,0,0,0
5/18/2009,11,63,103.9,3.62,0,no,0,0,0
5/25/2009,11,63,141.21,3.62,0,no,0,0,0
6/1/2009,11,63,216.53,3.62,0,no,0,0,0
6/8/2009,11,63,352.43,3.9,0,no,1,0,0
6/15/2009,11,63,186.67,3.9,0,no,0,1,0
6/22/2009,11,63,290.78,3.9,0,no,0,1,0
6/29/2009,11,63,273.34,3.9,0,no,0,1,0
7/6/2009,11,63,299.31,3.61,0,no,0,0,1
7/13/2009,11,63,249.27,3.61,0,no,0,0,1
5/4/2009,11,69,113.51,3.9,0,no,0,0,0
5/11/2009,11,69,267.53,3.54,0,no,0,0,0
5/18/2009,11,69,175.83,3.34,0,no,0,0,0
5/25/2009,11,69,235.57,3.41,0,no,0,0,0
6/1/2009,11,69,151.34,3.34,0,no,0,0,0
6/8/2009,11,69,211.42,3.63,0,no,0,0,0
6/15/2009,11,69,272.3,3.54,0,no,0,0,0
6/22/2009,11,69,163.03,3.54,0,no,0,0,0
6/29/2009,11,69,170.96,3.54,0,no,0,0,0
7/6/2009,11,69,176.15,3.13,0,no,0,0,0
7/13/2009,11,69,145.65,3.13,0,no,0,0,0
5/4/2009,11,70,136.57,4.13,0,no,0,0,0
5/11/2009,11,70,274.91,3.54,0,no,0,0,0
5/18/2009,11,70,201.69,3.6,0,no,0,0,0
5/25/2009,11,70,173.89,3.6,0,no,0,0,0
6/1/2009,11,70,253.96,3.6,0,no,0,0,0
6/8/2009,11,70,236.75,4.06,0,no,0,0,0
6/15/2009,11,70,269.81,4.06,0,no,0,0,0
6/22/2009,11,70,348.93,4.06,0,no,1,0,0
6/29/2009,11,70,243.09,4.06,0,no,0,1,0
7/6/2009,11,70,273.53,3.71,0,no,0,1,0
7/13/2009,11,70,286.31,3.71,0,no,0,1,0
5/4/2009,11,77,156.63,3.9,0,no,0,0,0
5/11/2009,11,77,170.64,3.63,0,no,0,0,0
5/18/2009,11,77,186.4,3.34,0,no,0,0,0
5/25/2009,11,77,250.88,3.41,0,no,0,0,0
6/1/2009,11,77,199.69,3.4,0,no,0,0,0
6/8/2009,11,77,148.63,3.9,0,no,0,0,0
6/15/2009,11,77,320.94,3.9,0,no,0,0,0
6/22/2009,11,77,187.73,3.9,0,no,0,0,0
6/29/2009,11,77,235.13,3.9,0,no,0,0,0
7/6/2009,11,77,215.64,3.61,0,no,0,0,0
7/13/2009,11,77,215.03,3.61,0,no,0,0,0
5/4/2009,11,83,163.58,4.14,0,no,0,0,0
5/11/2009,11,83,240.14,3.74,0,no,0,0,0
5/18/2009,11,83,173.96,3.66,0,no,0,0,0
5/25/2009,11,83,208.73,3.34,0,no,0,0,0
6/1/2009,11,83,241.91,3.48,0,no,0,0,0
6/8/2009,11,83,199.37,3.74,0,no,0,0,0
6/15/2009,11,83,128.16,3.74,0,no,0,0,0
6/22/2009,11,83,294.96,3.74,0,no,1,0,0
6/29/2009,11,83,174.59,3.83,0,no,0,1,0
7/6/2009,11,83,336.47,3.36,0,no,0,1,0
7/13/2009,11,83,307.94,3.36,0,no,0,1,0
5/4/2009,11,88,171.97,3.9,0,no,0,0,0
5/11/2009,11,88,254.5,3.9,0,no,0,0,0
5/18/2009,11,88,169.6,3.34,0,no,0,0,0
5/25/2009,11,88,128.24,3.34,0,no,0,0,0
6/1/2009,11,88,220.52,3.34,0,no,0,0,0
6/8/2009,11,88,262.89,3.54,0,no,0,0,0
6/15/2009,11,88,309.22,3.54,0,no,0,0,0
6/22/2009,11,88,243.57,3.54,0,no,1,0,0
6/29/2009,11,88,234.53,3.54,0,no,0,1,0
7/6/2009,11,88,323.55,3.13,0,no,0,1,0
7/13/2009,11,88,298.39,3.13,0,no,0,1,0
5/4/2009,11,100,202.69,3.9,0,no,0,0,0
5/11/2009,11,100,277.15,3.9,0,no,0,0,0
5/18/2009,11,100,184.94,3.78,0,no,0,0,0
5/25/2009,11,100,269.43,3.62,0,no,0,0,0
6/1/2009,11,100,226.95,3.5,0,no,0,0,0
6/8/2009,11,100,51.73,3.97,0,no,0,0,0
6/15/2009,11,100,215.31,3.75,0,no,0,0,0
6/22/2009,11,100,261.72,3.84,0,no,0,0,0
6/29/2009,11,100,196.77,3.84,0,no,0,0,0
7/6/2009,11,100,141,3.37,0,no,0,0,0
7/13/2009,11,100,201.6,3.66,0,no,0,0,0
5/4/2009,11,109,185.38,3.75,0,no,0,0,0
5/11/2009,11,109,220.86,3.54,0,no,0,0,0
5/18/2009,11,109,180.13,3.34,0,no,0,0,0
5/25/2009,11,109,221.74,3.34,0,no,0,0,0
6/1/2009,11,109,196.87,3.41,0,no,0,0,0
6/8/2009,11,109,233.5,3.63,0,no,0,0,0
6/15/2009,11,109,312.24,3.75,0,no,1,0,0
6/22/2009,11,109,257.85,3.63,0,no,0,1,0
6/29/2009,11,109,276.05,4.06,0,no,0,1,0
7/6/2009,11,109,330.72,3.13,0,no,0,1,0
7/13/2009,11,109,320.61,3.53,0,no,0,0,1
5/4/2009,11,115,204.41,3.57,0,no,0,0,0
5/11/2009,11,115,177.7,3.54,0,no,0,0,0
5/18/2009,11,115,98.1,3.34,0,no,0,0,0
5/25/2009,11,115,177.76,3.41,0,no,0,0,0
6/1/2009,11,115,213.9,3.34,0,no,0,0,0
6/8/2009,11,115,193.92,3.63,0,no,0,0,0
6/15/2009,11,115,201.35,3.48,0,no,0,0,0
6/22/2009,11,115,195.15,3.54,0,no,0,0,0
6/29/2009,11,115,177.59,3.54,0,no,0,0,0
7/6/2009,11,115,173.67,3.13,0,no,0,0,0
7/13/2009,11,115,158.12,3.41,0,no,0,0,0
5/4/2009,2,4,171.02,4.19,1,no,0,0,0
5/11/2009,2,4,213.93,4.69,1,no,0,0,0
5/18/2009,2,4,303.14,4.15,1,no,0,0,0
5/25/2009,2,4,234.53,4.3,1,no,0,0,0
6/1/2009,2,4,269.09,3.67,1,no,0,0,0
6/8/2009,2,4,300.55,4.06,1,no,0,0,0
6/15/2009,2,4,288.18,4.39,1,no,1,0,0
6/22/2009,2,4,396.25,4.39,1,no,1,1,0
6/29/2009,2,4,256.55,3.74,1,no,0,1,0
7/6/2009,2,4,295.9,3.91,1,no,0,1,0
7/13/2009,2,4,456.47,4.11,1,no,0,1,1
5/4/2009,2,23,309.37,4.61,1,no,0,0,0
5/11/2009,2,23,350.67,4.59,1,no,0,0,0
5/18/2009,2,23,346.59,3.77,1,no,0,0,0
5/25/2009,2,23,265.65,3.71,1,no,0,0,0
6/1/2009,2,23,288.29,4.14,1,no,0,0,0
6/8/2009,2,23,344.06,4.08,1,no,1,0,0
6/15/2009,2,23,308.46,4.08,1,no,0,1,0
6/22/2009,2,23,350.9,3.59,1,no,0,1,0
6/29/2009,2,23,333.07,4.06,1,no,0,1,0
7/6/2009,2,23,352.88,3.37,1,no,0,0,1
7/13/2009,2,23,348.12,4.11,1,no,0,0,1
5/4/2009,2,37,314.56,4.17,1,no,0,0,0
5/11/2009,2,37,197.93,4.17,1,no,0,0,0
5/18/2009,2,37,204.79,3.54,1,no,0,0,0
5/25/2009,2,37,181.47,3.64,1,no,0,0,0
6/1/2009,2,37,287.24,3.54,1,no,0,0,0
6/8/2009,2,37,112.29,3.77,1,no,0,0,0
6/15/2009,2,37,232.4,3.82,1,no,0,0,0
6/22/2009,2,37,227.44,3.82,1,no,0,0,0
6/29/2009,2,37,279.66,3.82,1,no,0,0,0
7/6/2009,2,37,253.47,3.37,1,no,0,0,0
7/13/2009,2,37,231.83,3.37,1,no,0,0,0
5/4/2009,2,40,207.12,4.61,1,no,0,0,0
5/11/2009,2,40,191,4.61,1,no,0,0,0
5/18/2009,2,40,209.2,4,1,no,0,0,0
5/25/2009,2,40,334.17,3.83,1,no,0,0,0
6/1/2009,2,40,269.54,3.73,1,no,0,0,0
6/8/2009,2,40,345.83,4.1,1,no,0,0,0
6/15/2009,2,40,232.06,4.08,1,no,0,0,0
6/22/2009,2,40,196.24,4.1,1,no,0,0,0
6/29/2009,2,40,269.96,4.08,1,no,0,0,0
7/6/2009,2,40,256.61,3.54,1,no,0,0,0
7/13/2009,2,40,244.19,3.5,1,no,0,0,0
5/4/2009,2,52,173.61,4.55,1,no,0,0,0
5/11/2009,2,52,279.77,4.02,1,no,0,0,0
5/18/2009,2,52,237.15,3.73,1,no,0,0,0
5/25/2009,2,52,253.02,3.73,1,no,0,0,0
6/1/2009,2,52,208.06,3.9,1,no,0,0,0
6/8/2009,2,52,275.4,4.1,1,no,0,0,0
6/15/2009,2,52,272.45,4.62,1,no,0,0,0
6/22/2009,2,52,257.06,4.1,1,no,0,0,0
6/29/2009,2,52,347.23,4.34,1,no,1,0,0
7/6/2009,2,52,288.62,3.68,1,no,0,1,0
7/13/2009,2,52,330.86,3.63,1,no,0,1,0
5/4/2009,2,53,66.39,4.61,1,no,0,0,0
5/11/2009,2,53,267.69,4.61,1,no,0,0,0
5/18/2009,2,53,191.37,4,1,no,0,0,0
5/25/2009,2,53,285.86,3.96,1,no,0,0,0
6/1/2009,2,53,275.69,3.67,1,no,0,0,0
6/8/2009,2,53,226.23,4.08,1,no,0,0,0
6/15/2009,2,53,413.48,3.77,1,no,1,0,0
6/22/2009,2,53,326.33,4.08,1,no,0,1,0
6/29/2009,2,53,460.87,4.48,1,no,1,1,0
7/6/2009,2,53,352.88,3.68,1,no,0,1,0
7/13/2009,2,53,412.96,3.48,1,no,0,1,1
5/4/2009,2,62,248.87,4.17,1,no,0,0,0
5/11/2009,2,62,332.24,4.17,1,no,0,0,0
5/18/2009,2,62,309.79,3.77,1,no,0,0,0
5/25/2009,2,62,201.86,4,1,no,0,0,0
6/1/2009,2,62,245.54,3.83,1,no,0,0,0
6/8/2009,2,62,210.87,4.17,1,no,0,0,0
6/15/2009,2,62,359.96,4.21,1,no,1,0,0
6/22/2009,2,62,263.17,4.54,1,no,0,1,0
6/29/2009,2,62,370.37,4.36,1,no,0,1,0
7/6/2009,2,62,242.77,3.88,1,no,0,1,0
7/13/2009,2,62,375.25,3.88,1,no,0,0,1
5/4/2009,2,66,157.73,4.55,1,no,0,0,0
5/11/2009,2,66,301.31,4.86,1,no,0,0,0
5/18/2009,2,66,238.59,4.14,1,no,0,0,0
5/25/2009,2,66,315.89,4.14,1,no,0,0,0
6/1/2009,2,66,220.1,4.14,1,no,0,0,0
6/8/2009,2,66,368.08,4.34,1,no,1,0,0
6/15/2009,2,66,325.73,4.1,1,no,0,1,0
6/22/2009,2,66,379.69,4.12,1,no,1,1,0
6/29/2009,2,66,348.66,4.09,1,no,0,1,0
7/6/2009,2,66,416.25,3.95,1,no,0,1,1
7/13/2009,2,66,471.98,3.95,1,no,0,1,1
5/4/2009,2,68,359.43,3.5,1,no,0,0,0
5/11/2009,2,68,262,3.5,1,no,0,0,0
5/18/2009,2,68,247,3.51,1,no,0,0,0
5/25/2009,2,68,232.13,3.49,1,no,0,0,0
6/1/2009,2,68,284.23,3.65,1,no,0,0,0
6/8/2009,2,68,329.25,2.94,1,no,1,0,0
6/15/2009,2,68,373.44,2.9,1,no,0,1,0
6/22/2009,2,68,335.26,3.39,1,no,0,1,0
6/29/2009,2,68,408.44,3.08,1,no,0,1,0
7/6/2009,2,68,341.32,3.69,1,no,0,0,1
7/13/2009,2,68,324.48,3.36,1,no,0,0,1
5/4/2009,2,72,226.84,4.19,1,no,0,0,0
5/11/2009,2,72,319.37,4.17,1,no,0,0,0
5/18/2009,2,72,279.94,3.77,1,no,0,0,0
5/25/2009,2,72,197.51,3.77,1,no,0,0,0
6/1/2009,2,72,280.71,3.69,1,no,0,0,0
6/8/2009,2,72,220.51,3.81,1,no,0,0,0
6/15/2009,2,72,270.49,4.08,1,no,0,0,0
6/22/2009,2,72,350.24,3.82,1,no,1,0,0
6/29/2009,2,72,320.68,4.22,1,no,0,1,0
7/6/2009,2,72,270.88,3.74,1,no,0,1,0
7/13/2009,2,72,373.01,3.44,1,no,0,1,0
5/4/2009,2,86,180.49,3.83,1,no,0,0,0
5/11/2009,2,86,224.63,3.77,1,no,0,0,0
5/18/2009,2,86,213.24,3.6,1,no,0,0,0
5/25/2009,2,86,184.03,3.54,1,no,0,0,0
6/1/2009,2,86,264.33,3.64,1,no,0,0,0
6/8/2009,2,86,239.65,3.84,1,no,0,0,0
6/15/2009,2,86,334.02,3.79,1,no,0,0,0
6/22/2009,2,86,203.48,3.77,1,no,0,0,0
6/29/2009,2,86,243.96,3.72,1,no,0,0,0
7/6/2009,2,86,277.35,3.3,1,no,0,0,0
7/13/2009,2,86,337.16,3.3,1,no,0,0,0
5/4/2009,2,99,287.91,4.19,1,no,0,0,0
5/11/2009,2,99,283.36,4.17,1,no,0,0,0
5/18/2009,2,99,240.78,3.54,1,no,0,0,0
5/25/2009,2,99,190.79,3.73,1,no,0,0,0
6/1/2009,2,99,182.68,3.83,1,no,0,0,0
6/8/2009,2,99,295.77,3.93,1,no,0,0,0
6/15/2009,2,99,227.79,3.74,1,no,0,0,0
6/22/2009,2,99,180.26,3.74,1,no,0,0,0
6/29/2009,2,99,171.32,3.64,1,no,0,0,0
7/6/2009,2,99,305.2,3.52,1,no,0,0,0
7/13/2009,2,99,260.91,3.78,1,no,0,0,0
5/4/2009,2,102,194.99,4.17,1,no,0,0,0
5/11/2009,2,102,272,4.55,1,no,0,0,0
5/18/2009,2,102,287.81,3.63,1,no,0,0,0
5/25/2009,2,102,249.91,3.76,1,no,0,0,0
6/1/2009,2,102,331.07,3.68,1,no,0,0,0
6/8/2009,2,102,294.78,4.1,1,no,0,0,0
6/15/2009,2,102,428.26,4.1,1,no,0,0,0
6/22/2009,2,102,303.94,4.34,1,no,1,0,0
6/29/2009,2,102,422.67,3.39,1,no,1,1,0
7/6/2009,2,102,305.53,3.58,1,no,0,1,0
7/13/2009,2,102,363.06,2.95,1,no,0,1,0
5/4/2009,2,117,232.26,4.17,1,no,0,0,0
5/11/2009,2,117,221.15,4.17,1,no,0,0,0
5/18/2009,2,117,283.47,4,1,no,0,0,0
5/25/2009,2,117,238.08,3.83,1,no,0,0,0
6/1/2009,2,117,252.73,4,1,no,0,0,0
6/8/2009,2,117,299.9,4.55,1,no,0,0,0
6/15/2009,2,117,289.22,4.55,1,no,0,0,0
6/22/2009,2,117,400.74,4.55,1,no,1,0,0
6/29/2009,2,117,311.81,3.72,1,no,0,1,0
7/6/2009,2,117,338.58,3.57,1,no,0,1,0
7/13/2009,2,117,214.46,3.57,1,no,0,1,0
5/4/2009,2,122,268.61,4.61,1,no,0,0,0
5/11/2009,2,122,341.01,4.61,1,no,0,0,0
5/18/2009,2,122,175.19,4.07,1,no,0,0,0
5/25/2009,2,122,219.94,4.07,1,no,0,0,0
6/1/2009,2,122,306.68,3.71,1,no,0,0,0
6/8/2009,2,122,215.11,4.1,1,no,0,0,0
6/15/2009,2,122,196.45,4.39,1,no,1,0,0
6/22/2009,2,122,366.06,4.08,1,no,0,1,0
6/29/2009,2,122,260.08,4.06,1,no,0,1,0
7/6/2009,2,122,345.85,3.63,1,no,0,1,0
7/13/2009,2,122,346.95,3.66,1,no,0,0,1
5/4/2009,2,124,236.52,4.55,1,no,0,0,0
5/11/2009,2,124,200.76,4.1,1,no,0,0,0
5/18/2009,2,124,255.7,3.94,1,no,0,0,0
5/25/2009,2,124,269.47,3.84,1,no,0,0,0
6/1/2009,2,124,199.05,3.73,1,no,0,0,0
6/8/2009,2,124,239.13,4.34,1,no,0,0,0
6/15/2009,2,124,257.54,4.1,1,no,0,0,0
6/22/2009,2,124,467.47,4.1,1,no,1,0,0
6/29/2009,2,124,488,4.34,1,no,1,1,0
7/6/2009,2,124,296.34,3.68,1,no,0,1,0
7/13/2009,2,124,329.35,3.95,1,no,0,1,0
5/4/2009,3,9,185.93,4.2,0,no,0,0,0
5/11/2009,3,9,139.78,4.2,0,no,0,0,0
5/18/2009,3,9,148.04,3.76,0,no,0,0,0
5/25/2009,3,9,188.05,3.86,0,no,0,0,0
6/1/2009,3,9,186.24,3.86,0,no,0,0,0
6/8/2009,3,9,167.51,4.2,0,no,0,0,0
6/15/2009,3,9,106.25,4.16,0,no,0,0,0
6/22/2009,3,9,167.94,4.12,0,no,0,0,0
6/29/2009,3,9,87.52,4.2,0,no,0,0,0
7/6/2009,3,9,171.45,3.78,0,no,0,0,0
7/13/2009,3,9,116.26,3.27,0,no,0,0,0
5/4/2009,3,12,156.18,4.2,0,no,0,0,0
5/11/2009,3,12,208.04,4.12,0,no,0,0,0
5/18/2009,3,12,165.14,3.86,0,no,0,0,0
5/25/2009,3,12,165.87,3.86,0,no,0,0,0
6/1/2009,3,12,134.34,3.76,0,no,0,0,0
6/8/2009,3,12,187.08,4.2,0,no,0,0,0
6/15/2009,3,12,230.61,4.2,0,no,0,0,0
6/22/2009,3,12,150.45,4.2,0,no,0,0,0
6/29/2009,3,12,303.29,3.82,0,no,0,0,0
7/6/2009,3,12,256.18,3.1,0,no,0,0,0
7/13/2009,3,12,241.45,3.1,0,no,0,0,0
5/4/2009,3,22,170.87,4.2,0,no,0,0,0
5/11/2009,3,22,181.32,4.14,0,no,0,0,0
5/18/2009,3,22,207.63,3.86,0,no,0,0,0
5/25/2009,3,22,275.83,3.86,0,no,0,0,0
6/1/2009,3,22,265.7,3.86,0,no,0,0,0
6/8/2009,3,22,175.78,4.2,0,no,0,0,0
6/15/2009,3,22,259.86,4.2,0,no,0,0,0
6/22/2009,3,22,178.22,4.2,0,no,0,0,0
6/29/2009,3,22,257.45,4.2,0,no,0,0,0
7/6/2009,3,22,157.42,3.78,0,no,0,0,0
7/13/2009,3,22,217.68,3.42,0,no,0,0,0
5/4/2009,3,33,111.16,4.2,0,no,0,0,0
5/11/2009,3,33,193.78,4.2,0,no,0,0,0
5/18/2009,3,33,119.11,3.86,0,no,0,0,0
5/25/2009,3,33,260.31,3.86,0,no,0,0,0
6/1/2009,3,33,227.6,3.86,0,no,0,0,0
6/8/2009,3,33,161.89,4.2,0,no,0,0,0
6/15/2009,3,33,141.38,4.2,0,no,0,0,0
6/22/2009,3,33,231.12,4.2,0,no,0,0,0
6/29/2009,3,33,198.16,4.2,0,no,0,0,0
7/6/2009,3,33,279.11,3.78,0,no,0,0,0
7/13/2009,3,33,147.98,3.78,0,no,0,0,0
5/4/2009,3,35,183.65,4.63,0,no,0,0,0
5/11/2009,3,35,197.1,4.2,0,no,0,0,0
5/18/2009,3,35,199.91,3.86,0,no,0,0,0
5/25/2009,3,35,196.19,4.07,0,no,0,0,0
6/1/2009,3,35,153.56,3.86,0,no,0,0,0
6/8/2009,3,35,175.44,4.2,0,no,0,0,0
6/15/2009,3,35,176.74,4.63,0,no,0,0,0
6/22/2009,3,35,137.51,4.2,0,no,0,0,0
6/29/2009,3,35,165.45,4.04,0,no,0,0,0
7/6/2009,3,35,219.33,3.5,0,no,0,0,0
7/13/2009,3,35,162.07,3.5,0,no,0,0,0
5/4/2009,3,43,104.76,4.65,0,no,0,0,0
5/11/2009,3,43,202.08,4.63,0,no,0,0,0
5/18/2009,3,43,142.12,4,0,no,0,0,0
5/25/2009,3,43,223.05,3.86,0,no,0,0,0
6/1/2009,3,43,256.43,3.86,0,no,0,0,0
6/8/2009,3,43,168.2,4.63,0,no,0,0,0
6/15/2009,3,43,100.67,4.84,0,no,0,0,0
6/22/2009,3,43,230.25,4.63,0,no,0,0,0
6/29/2009,3,43,122.38,4.63,0,no,0,0,0
7/6/2009,3,43,175.46,4.26,0,no,0,0,0
7/13/2009,3,43,105.88,3.95,0,no,0,0,0
5/4/2009,3,46,169.33,4.63,0,no,0,0,0
5/11/2009,3,46,120.3,4.2,0,no,0,0,0
5/18/2009,3,46,152.07,4.07,0,no,0,0,0
5/25/2009,3,46,184.58,4.46,0,no,0,0,0
6/1/2009,3,46,154.57,3.86,0,no,0,0,0
6/8/2009,3,46,70.23,4.63,0,no,0,0,0
6/15/2009,3,46,149.17,4.63,0,no,0,0,0
6/22/2009,3,46,224.32,4.2,0,no,0,0,0
6/29/2009,3,46,215.39,4.63,0,no,0,0,0
7/6/2009,3,46,169.51,3.75,0,no,0,0,0
7/13/2009,3,46,210.36,3.5,0,no,0,0,0
5/4/2009,3,67,221.57,4.24,0,no,0,0,0
5/11/2009,3,67,202.83,4.24,0,no,0,0,0
5/18/2009,3,67,208.25,4.07,0,no,0,0,0
5/25/2009,3,67,129.62,3.86,0,no,0,0,0
6/1/2009,3,67,145.56,4.07,0,no,0,0,0
6/8/2009,3,67,206.06,4.72,0,no,0,0,0
6/15/2009,3,67,164.6,4.84,0,no,0,0,0
6/22/2009,3,67,181.2,4.72,0,no,0,0,0
6/29/2009,3,67,231.44,4.72,0,no,0,0,0
7/6/2009,3,67,47.56,4.29,0,no,0,0,0
7/13/2009,3,67,222.81,3.42,0,no,0,0,0
5/4/2009,3,82,148.4,4.63,0,no,0,0,0
5/11/2009,3,82,182.43,4.63,0,no,0,0,0
5/18/2009,3,82,178.36,4.07,0,no,0,0,0
5/25/2009,3,82,172.82,4.07,0,no,0,0,0
6/1/2009,3,82,306.85,4.07,0,no,0,0,0
6/8/2009,3,82,172.19,4.63,0,no,0,0,0
6/15/2009,3,82,198.38,4.63,0,no,0,0,0
6/22/2009,3,82,142.52,4.63,0,no,0,0,0
6/29/2009,3,82,192.35,4.63,0,no,0,0,0
7/6/2009,3,82,241.55,4.26,0,no,0,0,0
7/13/2009,3,82,292.16,3.78,0,no,0,0,0
5/4/2009,3,87,162.85,4.16,0,no,0,0,0
5/11/2009,3,87,215.7,4.12,0,no,0,0,0
5/18/2009,3,87,241.18,3.82,0,no,0,0,0
5/25/2009,3,87,127.7,3.82,0,no,0,0,0
6/1/2009,3,87,101.57,3.82,0,no,0,0,0
6/8/2009,3,87,176.67,4.16,0,no,0,0,0
6/15/2009,3,87,198.15,4.16,0,no,0,0,0
6/22/2009,3,87,197.21,4.16,0,no,0,0,0
6/29/2009,3,87,119.29,4.16,0,no,0,0,0
7/6/2009,3,87,265.37,3.78,0,no,0,0,0
7/13/2009,3,87,125.21,3.78,0,no,0,0,0
5/4/2009,3,111,190.01,4.2,0,no,0,0,0
5/11/2009,3,111,222.04,4.15,0,no,0,0,0
5/18/2009,3,111,157.43,4.07,0,no,0,0,0
5/25/2009,3,111,170.98,4,0,no,0,0,0
6/1/2009,3,111,167.9,4.07,0,no,0,0,0
6/8/2009,3,111,117.63,4.63,0,no,0,0,0
6/15/2009,3,111,264,4.2,0,no,0,0,0
6/22/2009,3,111,166.38,4.63,0,no,0,0,0
6/29/2009,3,111,187.33,4.16,0,no,0,0,0
7/6/2009,3,111,300.73,3.78,0,no,0,0,0
7/13/2009,3,111,156.65,3.62,0,no,0,0,0
5/4/2009,3,118,176.31,4.72,0,no,0,0,0
5/11/2009,3,118,124.66,4.72,0,no,0,0,0
5/18/2009,3,118,193.14,4.07,0,no,0,0,0
5/25/2009,3,118,207.48,4.16,0,no,0,0,0
6/1/2009,3,118,149.3,4.16,0,no,0,0,0
6/8/2009,3,118,131.21,4.72,0,no,0,0,0
6/15/2009,3,118,252.7,4.72,0,no,0,0,0
6/22/2009,3,118,150.17,4.72,0,no,0,0,0
6/29/2009,3,118,222.39,4.72,0,no,0,0,0
7/6/2009,3,118,128.87,4.35,0,no,0,0,0
7/13/2009,3,118,192.99,3.72,0,no,0,0,0
5/4/2009,3,125,228.23,4.2,0,no,0,0,0
5/11/2009,3,125,242.1,4.19,0,no,0,0,0
5/18/2009,3,125,251.04,3.86,0,no,0,0,0
5/25/2009,3,125,189.58,3.86,0,no,0,0,0
6/1/2009,3,125,133.33,3.86,0,no,0,0,0
6/8/2009,3,125,68.88,4.19,0,no,0,0,0
6/15/2009,3,125,261.52,4.2,0,no,0,0,0
6/22/2009,3,125,91.5,4.2,0,no,0,0,0
6/29/2009,3,125,96.42,4.2,0,no,0,0,0
7/6/2009,3,125,177,3.78,0,no,0,0,0
7/13/2009,3,125,136.89,3.75,0,no,0,0,0
5/4/2009,4,36,194.93,4.5,1,no,0,0,0
5/11/2009,4,36,215.84,4.59,1,no,0,0,0
5/18/2009,4,36,336.95,4.39,1,no,0,0,0
5/25/2009,4,36,225.76,4.12,1,no,0,0,0
6/1/2009,4,36,234.18,4.04,1,no,0,0,0
6/8/2009,4,36,299.47,4.9,1,no,0,0,0
6/15/2009,4,36,153.64,4.88,1,no,0,0,0
6/22/2009,4,36,368.85,4.87,1,no,1,0,0
6/29/2009,4,36,343.45,4.51,1,no,0,1,0
7/6/2009,4,36,191.47,4.35,1,no,0,1,0
7/13/2009,4,36,297.37,3.99,1,no,0,1,0
5/4/2009,4,56,251.38,4.86,1,no,0,0,0
5/11/2009,4,56,195.14,4.68,1,no,0,0,0
5/18/2009,4,56,322.47,4.59,1,no,0,0,0
5/25/2009,4,56,199.27,4.59,1,no,0,0,0
6/1/2009,4,56,250.42,4.59,1,no,0,0,0
6/8/2009,4,56,249.02,4.95,1,no,0,0,0
6/15/2009,4,56,284.5,4.78,1,no,1,0,0
6/22/2009,4,56,256.24,4.67,1,no,0,1,0
6/29/2009,4,56,328.05,4.4,1,no,0,1,0
7/6/2009,4,56,287.57,4.46,1,no,0,1,0
7/13/2009,4,56,228.81,4.46,1,no,0,0,1
5/4/2009,4,65,253.62,4.62,1,no,0,1,0
5/11/2009,4,65,321.75,4.62,1,no,0,0,1
5/18/2009,4,65,231.57,4.29,1,no,0,0,1
5/25/2009,4,65,183.85,4.29,1,no,0,0,0
6/1/2009,4,65,228.74,4.29,1,no,0,0,0
6/8/2009,4,65,234.03,4.62,1,no,0,0,0
6/15/2009,4,65,294.77,4.64,1,no,0,0,0
6/22/2009,4,65,204.08,4.64,1,no,0,0,0
6/29/2009,4,65,276.72,4.64,1,no,0,0,0
7/6/2009,4,65,209.42,4.47,1,no,0,0,0
7/13/2009,4,65,250.02,4.43,1,no,0,0,0
5/4/2009,4,76,312.6,4.68,1,no,0,0,0
5/11/2009,4,76,267.8,4.68,1,no,1,0,0
5/18/2009,4,76,293.29,4.59,1,no,0,1,0
5/25/2009,4,76,313.51,4.59,1,no,0,1,0
6/1/2009,4,76,299.49,4.59,1,no,0,1,0
6/8/2009,4,76,277.55,4.97,1,no,0,0,1
6/15/2009,4,76,298.4,4.93,1,no,0,0,1
6/22/2009,4,76,338.87,4.93,1,no,0,0,0
6/29/2009,4,76,188.77,4.94,1,no,0,0,0
7/6/2009,4,76,337.01,4.79,1,no,0,0,0
7/13/2009,4,76,268.17,4.79,1,no,0,0,0
5/4/2009,4,85,234.37,4.87,1,no,0,0,0
5/11/2009,4,85,316.1,4.79,1,no,0,0,0
5/18/2009,4,85,318.2,4.19,1,no,0,0,0
5/25/2009,4,85,239.79,4.19,1,no,0,0,0
6/1/2009,4,85,207.65,4.43,1,no,0,0,0
6/8/2009,4,85,188.49,4.9,1,no,0,0,0
6/15/2009,4,85,792.52,4.47,1,yes,1,0,0
6/22/2009,4,85,798.55,4.28,1,yes,0,1,0
6/29/2009,4,85,836.32,4.28,1,yes,0,1,0
7/6/2009,4,85,756.36,4.72,1,yes,0,1,0
7/13/2009,4,85,726.37,4.73,1,yes,0,0,1
5/4/2009,4,91,285.52,4.62,1,no,0,1,0
5/11/2009,4,91,289.12,4.68,1,no,0,1,0
5/18/2009,4,91,311.48,4.06,1,no,0,1,0
5/25/2009,4,91,260.14,4.06,1,no,0,0,1
6/1/2009,4,91,301.97,4.29,1,no,0,0,1
6/8/2009,4,91,301.02,4.6,1,no,0,0,0
6/15/2009,4,91,223.21,4.32,1,no,0,0,0
6/22/2009,4,91,246.45,4.6,1,no,0,0,0
6/29/2009,4,91,223.33,4.11,1,no,0,0,0
7/6/2009,4,91,276.78,3.96,1,no,0,0,0
7/13/2009,4,91,268.59,3.96,1,no,0,0,0
5/4/2009,4,92,287.8,4.59,1,no,0,0,0
5/11/2009,4,92,280.22,4.59,1,no,0,0,0
5/18/2009,4,92,314.64,3.9,1,no,0,0,0
5/25/2009,4,92,223.71,4.19,1,no,0,0,0
6/1/2009,4,92,192.68,3.9,1,no,0,0,0
6/8/2009,4,92,169.33,4.22,1,no,0,0,0
6/15/2009,4,92,249.79,4.53,1,no,0,0,0
6/22/2009,4,92,159.1,4.56,1,no,0,0,0
6/29/2009,4,92,226.9,4.18,1,no,0,0,0
7/6/2009,4,92,252.18,3.99,1,no,0,0,0
7/13/2009,4,92,284.16,3.99,1,no,0,0,0
5/4/2009,4,93,274.47,4.87,1,no,0,1,0
5/11/2009,4,93,306.91,4.87,1,no,0,1,0
5/18/2009,4,93,367.71,4.55,1,no,0,0,1
5/25/2009,4,93,276.85,4.55,1,no,0,0,1
6/1/2009,4,93,196.71,4.55,1,no,0,0,0
6/8/2009,4,93,231.29,4.62,1,no,0,0,0
6/15/2009,4,93,265.9,4.94,1,no,0,0,0
6/22/2009,4,93,312.81,4.86,1,no,0,0,0
6/29/2009,4,93,244.9,4.86,1,no,0,0,0
7/6/2009,4,93,206.6,4.73,1,no,0,0,0
7/13/2009,4,93,325.83,4.73,1,no,0,0,0
5/4/2009,4,94,271.99,4.79,1,no,0,0,0
5/11/2009,4,94,211.82,4.79,1,no,0,0,0
5/18/2009,4,94,296.29,4.48,1,no,1,0,0
5/25/2009,4,94,351.67,4.48,1,no,0,1,0
6/1/2009,4,94,480.66,4.48,1,no,1,1,0
6/8/2009,4,94,405.28,4.89,1,no,1,1,0
6/15/2009,4,94,320.55,4.86,1,no,0,1,1
6/22/2009,4,94,508.4,4.6,1,no,1,1,1
6/29/2009,4,94,298.11,4.86,1,no,0,1,1
7/6/2009,4,94,371.03,4.73,1,no,0,1,1
7/13/2009,4,94,395.27,4.73,1,no,0,1,1
5/4/2009,4,95,269.89,4.64,1,no,0,0,0
5/11/2009,4,95,184.35,4.64,1,no,0,0,0
5/18/2009,4,95,246.55,4.3,1,no,0,0,0
5/25/2009,4,95,274.78,4.19,1,no,0,0,0
6/1/2009,4,95,200.09,4.12,1,no,0,0,0
6/8/2009,4,95,265.84,4.79,1,no,0,0,0
6/15/2009,4,95,203.94,4.79,1,no,0,0,0
6/22/2009,4,95,253.77,4.9,1,no,0,0,0
6/29/2009,4,95,294.93,4.62,1,no,0,0,0
7/6/2009,4,95,191.14,4.47,1,no,0,0,0
7/13/2009,4,95,199.48,4.43,1,no,0,0,0
5/4/2009,4,96,367.88,4.36,1,no,0,0,1
5/11/2009,4,96,341.21,4.47,1,no,0,0,1
5/18/2009,4,96,244.49,4.06,1,no,0,0,0
5/25/2009,4,96,216.82,4.06,1,no,0,0,0
6/1/2009,4,96,213.29,4.06,1,no,0,0,0
6/8/2009,4,96,272.76,4.27,1,no,0,0,0
6/15/2009,4,96,305.21,4.18,1,no,0,0,0
6/22/2009,4,96,267.97,3.61,1,no,0,0,0
6/29/2009,4,96,262.37,3.67,1,no,0,0,0
7/6/2009,4,96,245.13,3.67,1,no,0,0,0
7/13/2009,4,96,301.27,3.48,1,no,0,0,0
5/4/2009,4,97,213.96,4.66,1,no,0,0,0
5/11/2009,4,97,222.4,4.67,1,no,0,0,0
5/18/2009,4,97,347.52,4.24,1,no,1,0,0
5/25/2009,4,97,380.6,4.57,1,no,0,1,0
6/1/2009,4,97,341.87,4.57,1,no,0,1,0
6/8/2009,4,97,357.3,4.62,1,no,0,1,0
6/15/2009,4,97,278.12,4.93,1,no,0,0,1
6/22/2009,4,97,284.43,4.93,1,no,0,0,1
6/29/2009,4,97,260.2,4.94,1,no,0,0,0
7/6/2009,4,97,320.31,4.73,1,no,0,0,0
7/13/2009,4,97,259.13,4.72,1,no,0,0,0
5/4/2009,4,101,355.86,5.09,1,no,0,1,0
5/11/2009,4,101,364.88,5.09,1,no,0,1,0
5/18/2009,4,101,247.34,4.43,1,no,0,1,1
5/25/2009,4,101,378.14,4.43,1,no,0,0,1
6/1/2009,4,101,343.98,4.43,1,no,0,0,1
6/8/2009,4,101,169.04,4.89,1,no,0,0,0
6/15/2009,4,101,220.89,4.87,1,no,0,0,0
6/22/2009,4,101,189.66,4.87,1,no,0,0,0
6/29/2009,4,101,173.36,4.87,1,no,0,0,0
7/6/2009,4,101,216.33,4.72,1,no,0,0,0
7/13/2009,4,101,210.16,4.72,1,no,0,0,0
5/4/2009,4,104,321.26,4.59,1,no,0,1,0
5/11/2009,4,104,426.24,4.61,1,no,0,1,0
5/18/2009,4,104,237.75,4.48,1,no,0,1,1
5/25/2009,4,104,297.37,4.48,1,no,0,0,1
6/1/2009,4,104,396.95,4.48,1,no,0,0,1
6/8/2009,4,104,138.82,4.87,1,no,0,0,0
6/15/2009,4,104,707.67,4.15,1,yes,0,0,0
6/22/2009,4,104,636.79,4.12,1,yes,0,0,0
6/29/2009,4,104,740.16,4.12,1,yes,0,0,0
7/6/2009,4,104,734.23,4.73,1,yes,0,0,0
7/13/2009,4,104,617.71,4.73,1,yes,0,0,0
5/4/2009,4,116,161.06,4.62,1,no,0,0,0
5/11/2009,4,116,227.28,4.68,1,no,0,0,0
5/18/2009,4,116,269.71,4.48,1,no,0,0,0
5/25/2009,4,116,311.64,4.48,1,no,0,0,0
6/1/2009,4,116,211.91,4.29,1,no,0,0,0
6/8/2009,4,116,252.79,4.91,1,no,0,0,0
6/15/2009,4,116,709.09,4.86,1,yes,0,0,0
6/22/2009,4,116,736.3,4.29,1,yes,0,0,0
6/29/2009,4,116,663.24,4.85,1,yes,0,0,0
7/6/2009,4,116,739,4.5,1,yes,0,0,0
7/13/2009,4,116,681.15,4.55,1,yes,0,0,0
5/4/2009,5,15,127.98,4.63,0,no,0,0,0
5/11/2009,5,15,152.53,4.93,0,no,0,0,0
5/18/2009,5,15,250.6,4.37,0,no,0,0,0
5/25/2009,5,15,230.19,4.21,1,no,0,0,0
6/1/2009,5,15,258.27,4.21,1,no,0,0,0
6/8/2009,5,15,120.97,4.63,1,no,0,0,0
6/15/2009,5,15,323.96,4.65,1,no,1,0,0
6/22/2009,5,15,332.54,4.12,1,no,0,1,0
6/29/2009,5,15,318.75,4.12,1,no,0,1,0
7/6/2009,5,15,333.85,3.31,1,no,0,1,0
7/13/2009,5,15,335.28,3.15,1,no,0,0,1
5/4/2009,5,18,169.6,4.24,0,no,0,0,0
5/11/2009,5,18,209.4,4.23,0,no,0,0,0
5/18/2009,5,18,196.35,4,0,no,0,0,0
5/25/2009,5,18,358.38,4,1,no,0,0,0
6/1/2009,5,18,198.01,4,1,no,0,0,0
6/8/2009,5,18,166.41,4.24,1,no,0,0,0
6/15/2009,5,18,299.87,4.24,1,no,1,0,0
6/22/2009,5,18,344.86,4.24,1,no,0,1,0
6/29/2009,5,18,340.27,4.24,1,no,0,1,0
7/6/2009,5,18,262.28,3.75,1,no,0,1,0
7/13/2009,5,18,235.87,3.75,1,no,0,0,1
5/4/2009,5,21,203.8,4.2,0,no,0,0,0
5/11/2009,5,21,219.29,4.82,0,no,0,0,0
5/18/2009,5,21,294.08,4.12,0,no,0,0,0
5/25/2009,5,21,337.73,3.92,1,no,0,0,0
6/1/2009,5,21,198.85,3.92,1,no,0,0,0
6/8/2009,5,21,224.23,4.2,1,no,0,0,0
6/15/2009,5,21,258.86,4.2,1,no,0,0,0
6/22/2009,5,21,259.4,3.8,1,no,0,0,0
6/29/2009,5,21,206.17,3.93,1,no,0,0,0
7/6/2009,5,21,304.47,3.31,1,no,0,0,0
7/13/2009,5,21,331.18,3.15,1,no,0,0,0
5/4/2009,5,25,280.67,4.16,0,no,0,1,0
5/11/2009,5,25,340.36,4.16,0,no,0,0,1
5/18/2009,5,25,293.19,3.95,0,no,0,0,1
5/25/2009,5,25,247.65,4.24,1,no,0,0,0
6/1/2009,5,25,236.23,4.46,1,no,0,0,0
6/8/2009,5,25,272.24,4.73,1,no,0,0,0
6/15/2009,5,25,183.68,4.16,1,no,0,0,0
6/22/2009,5,25,252.51,4.19,1,no,0,0,0
6/29/2009,5,25,289.86,4.16,1,no,0,0,0
7/6/2009,5,25,200.91,3.78,1,no,0,0,0
7/13/2009,5,25,135.17,3.78,1,no,0,0,0
5/4/2009,5,49,89.82,4.86,0,no,0,0,0
5/11/2009,5,49,171.57,4.86,0,no,0,0,0
5/18/2009,5,49,197.55,4.35,0,no,0,0,0
5/25/2009,5,49,268.89,4.35,1,no,0,0,0
6/1/2009,5,49,173.21,4.15,1,no,0,0,0
6/8/2009,5,49,299.93,4.64,1,no,0,0,0
6/15/2009,5,49,244.48,4.19,1,no,0,0,0
6/22/2009,5,49,440.97,4.19,1,no,1,0,0
6/29/2009,5,49,269.93,3.94,1,no,0,1,0
7/6/2009,5,49,334.96,4.18,1,no,0,1,0
7/13/2009,5,49,357.75,4.18,1,no,0,1,0
5/4/2009,5,60,230.5,5.29,0,no,0,1,0
5/11/2009,5,60,363.79,4.39,0,no,0,0,1
5/18/2009,5,60,268.41,4.79,0,no,0,0,1
5/25/2009,5,60,211.24,4.39,1,no,0,0,0
6/1/2009,5,60,223.08,4.79,1,no,0,0,0
6/8/2009,5,60,351.97,5.29,1,no,0,0,0
6/15/2009,5,60,168.57,5.83,1,no,0,0,0
6/22/2009,5,60,241.95,6.19,1,no,0,0,0
6/29/2009,5,60,184.86,5.59,1,no,0,0,0
7/6/2009,5,60,200.08,4.62,1,no,0,0,0
7/13/2009,5,60,181.75,4.62,1,no,0,0,0
5/4/2009,5,90,154.7,4.73,0,no,0,0,0
5/11/2009,5,90,120.08,4.03,0,no,0,0,0
5/18/2009,5,90,284.83,3.67,0,no,0,0,0
5/25/2009,5,90,248.17,3.67,1,no,0,0,0
6/1/2009,5,90,278.15,3.79,1,no,0,0,0
6/8/2009,5,90,275.66,4.03,1,no,0,0,0
6/15/2009,5,90,325.04,3.63,1,no,1,0,0
6/22/2009,5,90,336.94,4.03,1,no,0,1,0
6/29/2009,5,90,304.84,4.21,1,no,0,1,0
7/6/2009,5,90,257.53,4.02,1,no,0,1,0
7/13/2009,5,90,280.5,4.02,1,no,0,0,1
5/4/2009,5,110,234.37,4.2,0,no,0,0,0
5/11/2009,5,110,240.36,4.18,0,no,0,0,0
5/18/2009,5,110,212.83,3.92,0,no,0,0,0
5/25/2009,5,110,213.59,3.88,1,no,0,0,0
6/1/2009,5,110,202.78,3.46,1,no,0,0,0
6/8/2009,5,110,172.89,3.66,1,no,0,0,0
6/15/2009,5,110,270.37,3.62,1,no,0,0,0
6/22/2009,5,110,280.24,3.96,1,no,0,0,0
6/29/2009,5,110,350.55,3.63,1,no,1,0,0
7/6/2009,5,110,351.3,3.01,1,no,0,1,0
7/13/2009,5,110,313.29,3.14,1,no,0,1,0
5/4/2009,5,119,206.85,4.73,0,no,0,0,0
5/11/2009,5,119,142.74,4.16,0,no,0,0,0
5/18/2009,5,119,227.91,3.88,0,no,0,0,0
5/25/2009,5,119,223.91,4.15,1,no,0,0,0
6/1/2009,5,119,220.87,3.88,1,no,0,0,0
6/8/2009,5,119,229.22,4.19,1,no,0,0,0
6/15/2009,5,119,224.89,4.16,1,no,0,0,0
6/22/2009,5,119,241.57,4.16,1,no,0,0,0
6/29/2009,5,119,230.1,4.16,1,no,0,0,0
7/6/2009,5,119,308.25,3.75,1,no,0,0,0
7/13/2009,5,119,326.65,3.75,1,no,0,0,0
5/4/2009,5,123,120.52,4.16,0,no,0,0,1
5/11/2009,5,123,199.32,4.13,0,no,0,0,1
5/18/2009,5,123,265.21,3.88,0,no,0,0,0
5/25/2009,5,123,292.62,3.88,1,no,0,0,0
6/1/2009,5,123,296.43,3.88,1,no,0,0,0
6/8/2009,5,123,349.3,4.13,1,no,1,0,0
6/15/2009,5,123,284.12,4.16,1,no,0,1,0
6/22/2009,5,123,302.03,4.16,1,no,0,1,0
6/29/2009,5,123,262.66,4.16,1,no,0,1,0
7/6/2009,5,123,377.14,3.83,1,no,0,0,1
7/13/2009,5,123,327.87,3.52,1,no,0,0,1
5/4/2009,6,11,178.3,4.84,1,no,0,0,0
5/11/2009,6,11,198.51,4.22,1,no,0,0,0
5/18/2009,6,11,329.45,4.11,1,no,0,0,0
5/25/2009,6,11,241.51,4.11,1,no,0,0,0
6/1/2009,6,11,180.83,4.11,1,no,0,0,0
6/8/2009,6,11,226.1,4.56,1,no,0,0,0
6/15/2009,6,11,257.03,4.32,1,no,0,0,0
6/22/2009,6,11,751.93,4.07,1,yes,1,0,0
6/29/2009,6,11,789.09,3.39,1,yes,0,1,0
7/6/2009,6,11,831.14,3.53,1,yes,0,1,0
7/13/2009,6,11,725.73,2.89,1,yes,0,1,0
5/4/2009,6,14,222.52,4.68,1,no,0,0,0
5/11/2009,6,14,242.03,4.2,1,no,0,0,0
5/18/2009,6,14,222.57,4.2,1,no,0,0,0
5/25/2009,6,14,240.3,3.58,1,no,0,0,0
6/1/2009,6,14,297.32,4.05,1,no,0,0,0
6/8/2009,6,14,214.81,4.47,1,no,0,0,0
6/15/2009,6,14,224.81,3.7,1,no,0,0,0
6/22/2009,6,14,242.09,3.89,1,no,0,0,0
6/29/2009,6,14,221.64,3.76,1,no,0,0,0
7/6/2009,6,14,270,3,1,no,0,0,0
7/13/2009,6,14,320.59,3,1,no,0,0,0
5/4/2009,6,16,248.68,4.57,1,no,0,0,0
5/11/2009,6,16,240.5,4.26,1,no,0,0,0
5/18/2009,6,16,278.55,4.17,1,no,0,0,0
5/25/2009,6,16,204.65,4.2,1,no,0,0,0
6/1/2009,6,16,266.28,4.17,1,no,0,0,0
6/8/2009,6,16,175.17,4.2,1,no,0,0,0
6/15/2009,6,16,280.71,3.95,1,no,0,0,0
6/22/2009,6,16,712.72,3.18,1,yes,0,0,0
6/29/2009,6,16,648.38,3.59,1,yes,0,0,0
7/6/2009,6,16,776.29,3.32,1,yes,0,0,0
7/13/2009,6,16,737.21,3.03,1,yes,0,0,0
5/4/2009,6,34,198.71,4.59,1,no,0,0,0
5/11/2009,6,34,254.85,4.68,1,no,0,0,0
5/18/2009,6,34,343.57,4.2,1,no,0,0,0
5/25/2009,6,34,291.42,4.51,1,no,0,0,0
6/1/2009,6,34,269.08,4.2,1,no,0,0,0
6/8/2009,6,34,219.25,4.68,1,no,0,0,0
6/15/2009,6,34,325.61,4.16,1,no,0,0,0
6/22/2009,6,34,296.14,4.67,1,no,0,0,0
6/29/2009,6,34,260.04,3.78,1,no,0,0,0
7/6/2009,6,34,159.47,3.91,1,no,0,0,0
7/13/2009,6,34,283.49,3.54,1,no,0,0,0
5/4/2009,6,61,340.72,4.59,1,no,0,1,0
5/11/2009,6,61,276.88,4.9,1,no,0,0,1
5/18/2009,6,61,469.67,4.4,1,no,0,0,1
5/25/2009,6,61,207.85,4.05,1,no,0,0,0
6/1/2009,6,61,247.34,4.05,1,no,0,0,0
6/8/2009,6,61,233.35,4.45,1,no,0,0,0
6/15/2009,6,61,247,4.17,1,no,0,0,0
6/22/2009,6,61,424.7,4.45,1,no,1,0,0
6/29/2009,6,61,310.58,4.2,1,no,0,1,0
7/6/2009,6,61,347.12,3.3,1,no,0,1,0
7/13/2009,6,61,331.33,3.64,1,no,0,1,0
5/4/2009,6,84,219.48,4.22,1,no,0,0,0
5/11/2009,6,84,218.55,4.22,1,no,0,0,0
5/18/2009,6,84,214.92,4.09,1,no,0,0,0
5/25/2009,6,84,221.33,3.79,1,no,0,0,0
6/1/2009,6,84,195.68,3.7,1,no,0,0,0
6/8/2009,6,84,218.68,4.22,1,no,0,0,0
6/15/2009,6,84,652.76,3.73,1,yes,0,0,0
6/22/2009,6,84,891.08,3.59,1,yes,1,0,0
6/29/2009,6,84,926.09,3.27,1,yes,1,1,0
7/6/2009,6,84,787.33,3.36,1,yes,0,1,0
7/13/2009,6,84,784.79,3.36,1,yes,0,1,0
5/4/2009,6,89,304.47,4.52,1,no,0,0,1
5/11/2009,6,89,300.73,4.49,1,no,0,0,1
5/18/2009,6,89,222.53,4.41,1,no,0,0,0
5/25/2009,6,89,189.4,4.41,1,no,0,0,0
6/1/2009,6,89,207.18,4.2,1,no,0,0,0
6/8/2009,6,89,273.18,4.45,1,no,0,0,0
6/15/2009,6,89,130.91,4.45,1,no,0,0,0
6/22/2009,6,89,824.64,4.34,1,yes,1,0,0
6/29/2009,6,89,885.81,3.73,1,yes,1,1,0
7/6/2009,6,89,703,3.71,1,yes,0,1,0
7/13/2009,6,89,772.21,3.71,1,yes,0,1,0
5/4/2009,6,107,242.8,4.57,1,no,0,0,0
5/11/2009,6,107,176.14,4.22,1,no,0,0,0
5/18/2009,6,107,200.17,4.2,1,no,0,0,0
5/25/2009,6,107,214.13,4.08,1,no,0,0,0
6/1/2009,6,107,298.77,4.15,1,no,0,0,0
6/8/2009,6,107,231.33,4.32,1,no,0,0,0
6/15/2009,6,107,220.29,4.17,1,no,0,0,0
6/22/2009,6,107,173.38,4.32,1,no,0,0,0
6/29/2009,6,107,240.3,4.2,1,no,0,0,0
7/6/2009,6,107,194.7,3.3,1,no,0,0,0
7/13/2009,6,107,295.8,3.65,1,no,0,0,0
5/4/2009,6,121,273.27,4.22,1,no,0,0,0
5/11/2009,6,121,228.23,4.45,1,no,0,0,0
5/18/2009,6,121,266.4,4.11,1,no,0,0,0
5/25/2009,6,121,288.42,4.08,1,no,0,0,0
6/1/2009,6,121,286.64,4.08,1,no,0,0,0
6/8/2009,6,121,258.31,4.45,1,no,0,0,0
6/15/2009,6,121,200.36,4.2,1,no,0,0,0
6/22/2009,6,121,247.31,4.45,1,no,1,0,0
6/29/2009,6,121,365.77,3.95,1,no,1,1,0
7/6/2009,6,121,314.16,3.64,1,no,0,1,0
7/13/2009,6,121,339.19,3.96,1,no,0,1,0
5/4/2009,7,1,270.75,4.29,1,no,0,0,0
5/11/2009,7,1,314.51,4.29,1,no,1,0,0
5/18/2009,7,1,390.61,4.09,1,no,0,1,0
5/25/2009,7,1,249.86,4.09,1,no,0,1,0
6/1/2009,7,1,222.03,4.79,1,no,0,1,0
6/8/2009,7,1,276.36,4.15,1,no,0,0,1
6/15/2009,7,1,294.86,4.15,1,no,0,0,1
6/22/2009,7,1,383.46,4.05,1,no,1,0,0
6/29/2009,7,1,300.29,4.05,1,no,0,1,0
7/6/2009,7,1,296.74,4.58,1,no,0,1,0
7/13/2009,7,1,429.8,3.56,1,no,0,1,0
5/4/2009,7,13,297.22,4.29,1,no,0,0,0
5/11/2009,7,13,268.41,4.29,1,no,0,0,0
5/18/2009,7,13,206.03,4.09,1,no,0,0,0
5/25/2009,7,13,201.97,4.09,1,no,0,0,0
6/1/2009,7,13,239.73,3.84,1,no,0,0,0
6/8/2009,7,13,171.39,4.26,1,no,0,0,0
6/15/2009,7,13,172.75,4.99,1,no,0,0,0
6/22/2009,7,13,379.2,3.77,1,no,1,0,0
6/29/2009,7,13,346.15,4.7,1,no,0,1,0
7/6/2009,7,13,371.49,3.59,1,no,0,1,0
7/13/2009,7,13,302.61,3.85,1,no,0,1,0
5/4/2009,7,17,145.78,5.39,1,no,0,0,0
5/11/2009,7,17,309.05,5.02,1,no,0,0,0
5/18/2009,7,17,154.6,5.22,1,no,0,0,0
5/25/2009,7,17,247.73,4.88,1,no,0,0,0
6/1/2009,7,17,227.99,3.97,1,no,0,0,0
6/8/2009,7,17,226.6,4,1,no,0,0,0
6/15/2009,7,17,233.32,4.9,1,no,0,0,0
6/22/2009,7,17,215.21,4.93,1,no,0,0,0
6/29/2009,7,17,233.41,4.32,1,no,0,0,0
7/6/2009,7,17,297.12,4.12,1,no,0,0,0
7/13/2009,7,17,258.46,4.68,1,no,0,0,0
5/4/2009,7,31,336.22,4.32,1,no,0,0,1
5/11/2009,7,31,364.17,4.52,1,no,0,0,1
5/18/2009,7,31,291.19,4.95,1,no,1,0,0
5/25/2009,7,31,279.63,4.69,1,no,0,1,0
6/1/2009,7,31,328.56,4.84,1,no,0,1,0
6/8/2009,7,31,329.4,4.7,1,no,0,1,0
6/15/2009,7,31,211.37,4.9,1,no,0,0,1
6/22/2009,7,31,428.35,4.03,1,no,1,0,1
6/29/2009,7,31,412.79,4.84,1,no,1,1,0
7/6/2009,7,31,328.22,4.25,1,no,0,1,0
7/13/2009,7,31,269.83,4.54,1,no,0,1,0
5/4/2009,7,45,286.14,4.06,1,no,0,0,0
5/11/2009,7,45,100.1,4.72,1,no,0,0,0
5/18/2009,7,45,202.21,4.09,1,no,0,0,0
5/25/2009,7,45,277.05,4.06,1,no,1,0,0
6/1/2009,7,45,432.89,3.84,1,no,1,1,0
6/8/2009,7,45,427.79,5.17,1,no,1,1,0
6/15/2009,7,45,241.05,4.05,1,no,0,1,0
6/22/2009,7,45,556.55,3.85,1,no,1,1,1
6/29/2009,7,45,310,3.85,1,no,0,1,1
7/6/2009,7,45,409.74,4.44,1,no,0,1,1
7/13/2009,7,45,347.36,4.31,1,no,0,1,1
5/4/2009,7,59,305.05,4.39,1,no,0,0,0
5/11/2009,7,59,219.66,4.34,1,no,0,0,0
5/18/2009,7,59,239.05,4.1,1,no,0,0,0
5/25/2009,7,59,249.14,3.81,1,no,0,0,0
6/1/2009,7,59,263.48,3.81,1,no,0,0,0
6/8/2009,7,59,666.73,3.33,1,yes,0,0,0
6/15/2009,7,59,711.86,3.2,1,yes,0,0,0
6/22/2009,7,59,328.16,4.37,1,no,0,0,0
6/29/2009,7,59,144.6,3.98,1,no,0,0,0
7/6/2009,7,59,266.13,4.96,1,no,0,0,0
7/13/2009,7,59,277.19,3.81,1,no,0,0,0
5/4/2009,7,75,153.98,5.02,1,no,0,0,0
5/11/2009,7,75,232.91,5.02,1,no,0,0,0
5/18/2009,7,75,308.28,4.46,1,no,1,0,0
5/25/2009,7,75,272.21,5.01,1,no,0,1,0
6/1/2009,7,75,355.87,4.88,1,no,0,1,0
6/8/2009,7,75,337.18,4.83,1,no,0,1,0
6/15/2009,7,75,361.36,5.23,1,no,1,0,1
6/22/2009,7,75,1041.2,4.08,1,yes,1,1,1
6/29/2009,7,75,753.39,4.08,1,yes,0,1,0
7/6/2009,7,75,192.08,4.75,1,no,0,1,0
7/13/2009,7,75,390.64,4.15,1,no,0,1,1
5/4/2009,7,78,256.29,4.5,1,no,0,0,0
5/11/2009,7,78,184.68,5.48,1,no,0,0,0
5/18/2009,7,78,259.95,4.29,1,no,0,0,0
5/25/2009,7,78,325.84,4.06,1,no,0,0,0
6/1/2009,7,78,291.77,4.03,1,no,0,0,0
6/8/2009,7,78,126.72,6.25,1,no,0,0,0
6/15/2009,7,78,206.7,5.67,1,no,0,0,0
6/22/2009,7,78,201.98,5.67,1,no,0,0,0
6/29/2009,7,78,303.2,3.85,1,no,0,0,0
7/6/2009,7,78,342.46,4.14,1,no,0,0,0
7/13/2009,7,78,189.92,4.14,1,no,0,0,0
5/4/2009,7,105,192.15,4.49,1,no,0,0,0
5/11/2009,7,105,166.44,4.49,1,no,0,0,0
5/18/2009,7,105,235.78,4.16,1,no,0,0,0
5/25/2009,7,105,284.68,4.06,1,no,0,0,0
6/1/2009,7,105,214.08,3.97,1,no,0,0,0
6/8/2009,7,105,183.77,5.44,1,no,0,0,0
6/15/2009,7,105,289.29,4.29,1,no,0,0,0
6/22/2009,7,105,397.15,4.3,1,no,1,0,0
6/29/2009,7,105,300.05,4.4,1,no,0,1,0
7/6/2009,7,105,256.18,3.88,1,no,0,1,0
7/13/2009,7,105,318.58,4.14,1,no,0,1,0
5/4/2009,7,106,281.77,4.06,1,no,0,0,0
5/11/2009,7,106,348.47,3.85,1,no,1,0,0
5/18/2009,7,106,378.72,3.59,1,no,0,1,0
5/25/2009,7,106,360.3,4.64,1,no,0,1,0
6/1/2009,7,106,342.76,4.77,1,no,0,1,0
6/8/2009,7,106,360.59,5.45,1,no,0,0,1
6/15/2009,7,106,283.69,4.48,1,no,0,0,1
6/22/2009,7,106,248.04,4.76,1,no,0,0,0
6/29/2009,7,106,378.97,3.77,1,no,1,0,0
7/6/2009,7,106,270.21,4.95,1,no,0,1,0
7/13/2009,7,106,305.5,4.49,1,no,0,1,0
5/4/2009,8,3,194.94,4.05,0,no,0,0,0
5/11/2009,8,3,130.6,3.64,0,no,0,0,0
5/18/2009,8,3,232.02,3.77,0,no,0,0,0
5/25/2009,8,3,212.96,3.55,0,no,0,0,0
6/1/2009,8,3,162.34,3.53,0,no,0,0,0
6/8/2009,8,3,196.19,3.86,0,no,0,0,0
6/15/2009,8,3,189.97,3.64,0,no,0,0,0
6/22/2009,8,3,218.37,3.85,0,no,0,0,0
6/29/2009,8,3,116.25,4.03,0,no,0,0,0
7/6/2009,8,3,244.41,3.63,0,no,0,0,0
7/13/2009,8,3,259.8,3.79,0,no,0,0,0
5/4/2009,8,19,87.77,4.05,0,no,0,0,0
5/11/2009,8,19,245.93,3.72,0,no,0,0,0
5/18/2009,8,19,210.68,3.55,0,no,0,0,0
5/25/2009,8,19,178.49,3.46,0,no,0,0,0
6/1/2009,8,19,167.61,3.65,0,no,0,0,0
6/8/2009,8,19,198.36,3.64,0,no,0,0,0
6/15/2009,8,19,238.09,3.94,0,no,0,0,0
6/22/2009,8,19,175.31,3.98,0,no,0,0,0
6/29/2009,8,19,191.41,4.57,0,no,0,0,0
7/6/2009,8,19,145.28,3.63,0,no,0,0,0
7/13/2009,8,19,275.56,3.44,0,no,0,0,0
5/4/2009,8,24,230.11,3.8,0,no,0,0,0
5/11/2009,8,24,168.73,3.43,0,no,0,0,0
5/18/2009,8,24,245.15,3.46,0,no,0,0,0
5/25/2009,8,24,228.76,3.46,0,no,0,0,0
6/1/2009,8,24,79.24,3.46,0,no,0,0,0
6/8/2009,8,24,177.14,3.56,0,no,0,0,0
6/15/2009,8,24,212.03,3.56,0,no,0,0,0
6/22/2009,8,24,189.09,3.66,0,no,0,0,0
6/29/2009,8,24,140.58,3.69,0,no,0,0,0
7/6/2009,8,24,167.77,3.44,0,no,0,0,0
7/13/2009,8,24,249.09,3.58,0,no,0,0,0
5/4/2009,8,42,184.18,4.07,0,no,0,0,0
5/11/2009,8,42,152.85,3.94,0,no,0,0,0
5/18/2009,8,42,180.34,3.85,0,no,0,0,0
5/25/2009,8,42,177.08,3.85,0,no,0,0,0
6/1/2009,8,42,181.74,3.95,0,no,0,0,0
6/8/2009,8,42,138.42,3.95,0,no,0,0,0
6/15/2009,8,42,215.01,3.95,0,no,0,0,0
6/22/2009,8,42,253.09,4.02,0,no,0,0,0
6/29/2009,8,42,178.86,3.78,0,no,0,0,0
7/6/2009,8,42,174.99,3.83,0,no,0,0,0
7/13/2009,8,42,168.46,3.54,0,no,0,0,0
5/4/2009,8,64,233.72,3.99,0,no,0,0,0
5/11/2009,8,64,149.62,4.04,0,no,0,0,0
5/18/2009,8,64,164.89,3.85,0,no,0,0,0
5/25/2009,8,64,212.59,3.85,0,no,0,0,0
6/1/2009,8,64,224,3.76,0,no,0,0,0
6/8/2009,8,64,265.76,3.67,0,no,0,0,0
6/15/2009,8,64,157.26,3.6,0,no,0,0,0
6/22/2009,8,64,178.69,4.17,0,no,0,0,0
6/29/2009,8,64,277.62,5.1,0,no,0,0,0
7/6/2009,8,64,325.65,3.49,0,no,0,0,0
7/13/2009,8,64,231.02,3.5,0,no,0,0,0
5/4/2009,8,81,196.79,4.05,0,no,0,0,0
5/11/2009,8,81,146.21,3.74,0,no,0,0,0
5/18/2009,8,81,139.55,3.64,0,no,0,0,0
5/25/2009,8,81,72.63,3.55,0,no,0,0,0
6/1/2009,8,81,234.86,3.55,0,no,0,0,0
6/8/2009,8,81,236.29,3.75,0,no,0,0,0
6/15/2009,8,81,141.78,3.75,0,no,0,0,0
6/22/2009,8,81,232.58,3.85,0,no,0,0,0
6/29/2009,8,81,168.75,3.92,0,no,0,0,0
7/6/2009,8,81,232.51,3.5,0,no,0,0,0
7/13/2009,8,81,247.61,3.5,0,no,0,0,0
5/4/2009,8,120,123.51,4.37,0,no,0,0,0
5/11/2009,8,120,203.74,4.37,0,no,0,0,0
5/18/2009,8,120,226.21,3.85,0,no,0,0,0
5/25/2009,8,120,196.62,3.85,0,no,0,0,0
6/1/2009,8,120,156.16,3.85,0,no,0,0,0
6/8/2009,8,120,172.83,3.95,0,no,0,0,0
6/15/2009,8,120,195.47,3.95,0,no,0,0,0
6/22/2009,8,120,190.32,4.02,0,no,0,0,0
6/29/2009,8,120,58.14,4.17,0,no,0,0,0
7/6/2009,8,120,201.36,3.83,0,no,0,0,0
7/13/2009,8,120,236.72,3.83,0,no,0,0,0
5/4/2009,9,6,291.01,5.17,1,no,0,1,0
5/11/2009,9,6,392,4.8,1,no,0,0,1
5/18/2009,9,6,232.24,4.68,1,no,0,0,1
5/25/2009,9,6,278.49,4.36,1,no,0,0,0
6/1/2009,9,6,240.17,4.19,1,no,0,0,0
6/8/2009,9,6,229.22,4.94,1,no,0,0,0
6/15/2009,9,6,226.59,4.86,1,no,1,0,0
6/22/2009,9,6,300.13,4.86,1,no,0,1,0
6/29/2009,9,6,457.34,4.79,1,no,1,1,0
7/6/2009,9,6,368.99,3.91,1,no,0,1,0
7/13/2009,9,6,409.11,4.31,1,no,0,1,1
5/4/2009,9,27,193.07,4.82,1,no,0,0,0
5/11/2009,9,27,263.64,4.82,1,no,0,0,0
5/18/2009,9,27,176.27,4.48,1,no,0,0,0
5/25/2009,9,27,223.05,4.2,1,no,0,0,0
6/1/2009,9,27,164.64,4.34,1,no,0,0,0
6/8/2009,9,27,248.94,4.55,1,no,0,0,0
6/15/2009,9,27,373.23,4.62,1,no,1,0,0
6/22/2009,9,27,338.16,4.62,1,no,0,1,0
6/29/2009,9,27,415.11,4.62,1,no,0,1,0
7/6/2009,9,27,302.53,4.29,1,no,0,1,0
7/13/2009,9,27,287.39,4.25,1,no,0,0,1
5/4/2009,9,30,347.92,4.66,1,no,0,0,1
5/11/2009,9,30,203.8,4.4,1,no,0,0,1
5/18/2009,9,30,241.46,4.15,1,no,0,0,0
5/25/2009,9,30,233.12,4.1,1,no,0,0,0
6/1/2009,9,30,206.84,4.14,1,no,0,0,0
6/8/2009,9,30,268.01,4.33,1,no,0,0,0
6/15/2009,9,30,340.76,4.33,1,no,0,0,0
6/22/2009,9,30,299.35,4.31,1,no,0,0,0
6/29/2009,9,30,398.97,4.44,1,no,1,0,0
7/6/2009,9,30,317.9,3.88,1,no,0,1,0
7/13/2009,9,30,343.42,3.85,1,no,0,1,0
5/4/2009,9,39,280.8,5.07,1,no,0,0,1
5/11/2009,9,39,335.64,4.62,1,no,0,0,1
5/18/2009,9,39,253.82,4.13,1,no,0,0,0
5/25/2009,9,39,295.81,4.1,1,no,0,0,0
6/1/2009,9,39,252.16,4.14,1,no,0,0,0
6/8/2009,9,39,184.09,4.31,1,no,0,0,0
6/15/2009,9,39,328.61,4.4,1,no,0,0,0
6/22/2009,9,39,360.38,4.62,1,no,1,0,0
6/29/2009,9,39,290.59,4.9,1,no,0,1,0
7/6/2009,9,39,317.51,4.27,1,no,0,1,0
7/13/2009,9,39,304.35,4.2,1,no,0,1,0
5/4/2009,9,44,401.5,4.66,1,no,0,0,1
5/11/2009,9,44,375.92,4.48,1,no,0,0,1
5/18/2009,9,44,237.3,4.12,1,no,0,0,0
5/25/2009,9,44,189.99,4.1,1,no,0,0,0
6/1/2009,9,44,218.77,4.14,1,no,0,0,0
6/8/2009,9,44,255.95,4.2,1,no,0,0,0
6/15/2009,9,44,188.1,4.32,1,no,0,0,0
6/22/2009,9,44,290.12,4.14,1,no,0,0,0
6/29/2009,9,44,357.72,4.07,1,no,1,0,0
7/6/2009,9,44,367.79,3.98,1,no,0,1,0
7/13/2009,9,44,388.25,4.25,1,no,0,1,0
5/4/2009,9,47,256.55,4.9,1,no,0,0,1
5/11/2009,9,47,325.72,4.4,1,no,0,0,1
5/18/2009,9,47,247.14,4.15,1,no,0,0,0
5/25/2009,9,47,256.54,4.1,1,no,0,0,0
6/1/2009,9,47,254.04,4.1,1,no,0,0,0
6/8/2009,9,47,335.14,4.46,1,no,0,0,0
6/15/2009,9,47,254.1,4.4,1,no,0,0,0
6/22/2009,9,47,327.02,4.35,1,no,1,0,0
6/29/2009,9,47,301.25,4.4,1,no,0,1,0
7/6/2009,9,47,333.55,4.29,1,no,0,1,0
7/13/2009,9,47,309.27,4.25,1,no,0,1,0
5/4/2009,9,55,287.35,4,1,no,0,0,1
5/11/2009,9,55,296.96,4.14,1,no,0,0,1
5/18/2009,9,55,305.49,3.93,1,no,0,0,0
5/25/2009,9,55,295.2,3.89,1,no,0,0,0
6/1/2009,9,55,224.87,3.89,1,no,0,0,0
6/8/2009,9,55,212.91,4.08,1,no,0,0,0
6/15/2009,9,55,274.8,4.07,1,no,0,0,0
6/22/2009,9,55,413.59,4.14,1,no,1,0,0
6/29/2009,9,55,279.54,4.07,1,no,0,1,0
7/6/2009,9,55,250.61,3.73,1,no,0,1,0
7/13/2009,9,55,273.28,3.62,1,no,0,1,0
5/4/2009,9,71,274.49,4.52,1,no,0,1,0
5/11/2009,9,71,215.18,4.62,1,no,0,0,1
5/18/2009,9,71,359.24,4.37,1,no,0,0,1
5/25/2009,9,71,184.33,4.34,1,no,0,0,0
6/1/2009,9,71,232.62,4.1,1,no,0,0,0
6/8/2009,9,71,223.71,4.55,1,no,0,0,0
6/15/2009,9,71,219.07,4.62,1,no,0,0,0
6/22/2009,9,71,367.81,4.62,1,no,1,0,0
6/29/2009,9,71,364.88,4.62,1,no,0,1,0
7/6/2009,9,71,301.49,4.28,1,no,0,1,0
7/13/2009,9,71,430.64,4.27,1,no,0,1,0
5/4/2009,9,74,299.2,4.89,1,no,0,0,1
5/11/2009,9,74,268.37,4.57,1,no,0,0,1
5/18/2009,9,74,198.95,4.75,1,no,0,0,0
5/25/2009,9,74,199.74,4.27,1,no,0,0,0
6/1/2009,9,74,285.3,4.52,1,no,0,0,0
6/8/2009,9,74,199.94,4.25,1,no,0,0,0
6/15/2009,9,74,162.82,4.79,1,no,0,0,0
6/22/2009,9,74,289.62,4.61,1,no,0,0,0
6/29/2009,9,74,347.11,4.58,1,no,1,0,0
7/6/2009,9,74,299.17,4.2,1,no,0,1,0
7/13/2009,9,74,318.75,4.27,1,no,0,1,0
5/4/2009,9,108,333.13,4.88,1,no,0,0,1
5/11/2009,9,108,338.34,4.39,1,no,0,0,1
5/18/2009,9,108,265.8,4.01,1,no,0,0,0
5/25/2009,9,108,306.02,4.22,1,no,0,0,0
6/1/2009,9,108,253.2,4.08,1,no,0,0,0
6/8/2009,9,108,208.39,4.36,1,no,0,0,0
6/15/2009,9,108,273.31,4.52,1,no,0,0,0
6/22/2009,9,108,326.51,4.38,1,no,1,0,0
6/29/2009,9,108,357.98,4.52,1,no,0,1,0
7/6/2009,9,108,364.3,3.74,1,no,0,1,0
7/13/2009,9,108,275.78,3.93,1,no,0,1,0
5/4/2009,9,112,223.6,4.81,1,no,0,1,0
5/11/2009,9,112,317.03,4.81,1,no,0,0,1
5/18/2009,9,112,331.33,4.56,1,no,0,0,1
5/25/2009,9,112,253.2,4.58,1,no,0,0,0
6/1/2009,9,112,281.97,4.58,1,no,0,0,0
6/8/2009,9,112,236.21,4.89,1,no,0,0,0
6/15/2009,9,112,209.26,4.71,1,no,0,0,0
6/22/2009,9,112,258.26,4.88,1,no,0,0,0
6/29/2009,9,112,288.53,5.08,1,no,1,0,0
7/6/2009,9,112,261.4,3.91,1,no,0,1,0
7/13/2009,9,112,312.33,4.14,1,no,0,1,0
5/4/2009,9,126,246.84,4.73,1,no,0,1,0
5/11/2009,9,126,392.4,4.3,1,no,0,0,1
5/18/2009,9,126,312.25,3.95,1,no,0,0,1
5/25/2009,9,126,171.1,4.09,1,no,0,0,0
6/1/2009,9,126,250.18,4.27,1,no,0,0,0
6/8/2009,9,126,163.33,4.4,1,no,0,0,0
6/15/2009,9,126,332.51,4.77,1,no,0,0,0
6/22/2009,9,126,231.78,4.99,1,no,0,0,0
6/29/2009,9,126,316.41,5.16,1,no,1,0,0
7/6/2009,9,126,261.56,4.95,1,no,0,1,0
7/13/2009,9,126,324.38,4.95,1,no,0,1,0
5/4/2009,10,2,186.95,4.39,0,no,0,0,0
5/11/2009,10,2,179.85,4.39,0,no,0,0,0
5/18/2009,10,2,133.85,3.84,0,no,0,0,0
5/25/2009,10,2,202.42,3.75,0,no,0,0,0
6/1/2009,10,2,235.23,3.68,0,no,0,0,0
6/8/2009,10,2,145.64,4.8,0,no,0,0,0
6/15/2009,10,2,179.26,4.26,0,no,0,0,0
6/22/2009,10,2,220.8,4.63,0,no,0,0,0
6/29/2009,10,2,199.02,4.63,0,no,0,0,0
7/6/2009,10,2,113.14,4.42,0,no,0,0,0
7/13/2009,10,2,158.7,4.07,0,no,0,0,0
5/4/2009,10,10,202.15,4.56,0,no,0,0,0
5/11/2009,10,10,52.21,4.56,0,no,0,0,0
5/18/2009,10,10,207.06,3.92,0,no,0,0,0
5/25/2009,10,10,152.88,3.91,0,no,0,0,0
6/1/2009,10,10,196.05,3.91,0,no,0,0,0
6/8/2009,10,10,119.14,4.49,0,no,0,0,0
6/15/2009,10,10,195.48,4.56,0,no,0,0,0
6/22/2009,10,10,225.25,4.43,0,no,0,0,0
6/29/2009,10,10,114.94,4.49,0,no,0,0,0
7/6/2009,10,10,170.28,4.35,0,no,0,0,0
7/13/2009,10,10,223.11,4.35,0,no,0,0,0
5/4/2009,10,29,237.4,4.66,0,no,0,0,0
5/11/2009,10,29,127.59,4.66,0,no,0,0,0
5/18/2009,10,29,225.13,4.07,0,no,0,0,0
5/25/2009,10,29,180.18,4.07,0,no,0,0,0
6/1/2009,10,29,243.55,3.99,0,no,0,0,0
6/8/2009,10,29,237.6,4.56,0,no,0,0,0
6/15/2009,10,29,191.12,3.99,0,no,0,0,0
6/22/2009,10,29,254.32,3.99,0,no,0,0,0
6/29/2009,10,29,217.86,3.99,0,no,0,0,0
7/6/2009,10,29,200.95,4.39,0,no,0,0,0
7/13/2009,10,29,120.85,4.39,0,no,0,0,0
5/4/2009,10,54,273.49,4.39,0,no,0,0,0
5/11/2009,10,54,92.09,4.39,0,no,0,0,0
5/18/2009,10,54,213.75,3.84,0,no,0,0,0
5/25/2009,10,54,132.54,3.84,0,no,0,0,0
6/1/2009,10,54,218.03,3.94,0,no,0,0,0
6/8/2009,10,54,227.03,4.72,0,no,0,0,0
6/15/2009,10,54,85.51,4.72,0,no,0,0,0
6/22/2009,10,54,126.26,4.72,0,no,0,0,0
6/29/2009,10,54,201.42,4.72,0,no,0,0,0
7/6/2009,10,54,108.88,4.54,0,no,0,0,0
7/13/2009,10,54,206.9,4.54,0,no,0,0,0
5/4/2009,10,73,131.67,3.99,0,no,0,0,0
5/11/2009,10,73,140.28,3.99,0,no,0,0,0
5/18/2009,10,73,187.4,3.74,0,no,0,0,0
5/25/2009,10,73,190.11,3.74,0,no,0,0,0
6/1/2009,10,73,148.67,3.74,0,no,0,0,0
6/8/2009,10,73,174.01,4.43,0,no,0,0,0
6/15/2009,10,73,230.17,3.99,0,no,0,0,0
6/22/2009,10,73,103.6,3.99,0,no,0,0,0
6/29/2009,10,73,181.25,3.99,0,no,0,0,0
7/6/2009,10,73,134.43,4.59,0,no,0,0,0
7/13/2009,10,73,143.39,4.59,0,no,0,0,0
5/4/2009,10,79,136.51,3.99,0,no,0,0,0
5/11/2009,10,79,221.58,3.99,0,no,0,0,0
5/18/2009,10,79,231.25,3.78,0,no,0,0,0
5/25/2009,10,79,136.01,3.78,0,no,0,0,0
6/1/2009,10,79,213.82,3.7,0,no,0,0,0
6/8/2009,10,79,155.72,3.99,0,no,0,0,0
6/15/2009,10,79,196.58,3.99,0,no,0,0,0
6/22/2009,10,79,147.89,3.99,0,no,0,0,0
6/29/2009,10,79,218.22,3.99,0,no,0,0,0
7/6/2009,10,79,182.41,3.78,0,no,0,0,0
7/13/2009,10,79,114.83,3.78,0,no,0,0,0
5/4/2009,10,113,81.35,4.39,0,no,0,0,0
5/11/2009,10,113,292.96,4.39,0,no,0,0,0
5/18/2009,10,113,113.46,3.84,0,no,0,0,0
5/25/2009,10,113,200.76,3.84,0,no,0,0,0
6/1/2009,10,113,254.36,3.84,0,no,0,0,0
6/8/2009,10,113,201.03,4.39,0,no,0,0,0
6/15/2009,10,113,192.69,4.39,0,no,0,0,0
6/22/2009,10,113,173.72,4.39,0,no,0,0,0
6/29/2009,10,113,278.58,4.39,0,no,0,0,0
7/6/2009,10,113,122.23,4.19,0,no,0,0,0
7/13/2009,10,113,166.89,4.19,0,no,0,0,0
